-- phpMyAdmin SQL Dump
-- version 4.6.5.2
-- https://www.phpmyadmin.net/
--
-- Хост: 127.0.0.1:3306
-- Время создания: Ноя 21 2017 г., 20:11
-- Версия сервера: 5.7.16
-- Версия PHP: 7.1.0

SET SQL_MODE = "NO_AUTO_VALUE_ON_ZERO";
SET time_zone = "+00:00";


/*!40101 SET @OLD_CHARACTER_SET_CLIENT=@@CHARACTER_SET_CLIENT */;
/*!40101 SET @OLD_CHARACTER_SET_RESULTS=@@CHARACTER_SET_RESULTS */;
/*!40101 SET @OLD_COLLATION_CONNECTION=@@COLLATION_CONNECTION */;
/*!40101 SET NAMES utf8mb4 */;

--
-- База данных: `chess`
--

-- --------------------------------------------------------

--
-- Структура таблицы `apartments`
--

CREATE TABLE `apartments` (
  `id` int(11) UNSIGNED NOT NULL,
  `type_id` int(11) NOT NULL,
  `total_area_id` int(11) NOT NULL,
  `factual_area` varchar(255) NOT NULL,
  `floor` int(11) NOT NULL,
  `num` int(11) NOT NULL,
  `price` int(11) NOT NULL,
  `discount` int(11) DEFAULT NULL,
  `status` int(11) NOT NULL
) ENGINE=InnoDB DEFAULT CHARSET=utf8;

--
-- Дамп данных таблицы `apartments`
--

INSERT INTO `apartments` (`id`, `type_id`, `total_area_id`, `factual_area`, `floor`, `num`, `price`, `discount`, `status`) VALUES
(1, 4, 2, '52', 2, 1, 2150000, NULL, 1),
(2, 1, 1, '26', 2, 2, 995000, NULL, 1),
(3, 2, 3, '55', 2, 3, 2270000, NULL, 1),
(4, 2, 3, '54', 2, 4, 2270000, NULL, 1),
(5, 1, 1, '27', 2, 5, 990000, NULL, 1),
(6, 1, 1, '26', 2, 6, 970000, NULL, 1),
(7, 1, 1, '26', 2, 7, 990000, NULL, 1),
(8, 1, 1, '26', 2, 8, 990000, NULL, 1),
(9, 1, 1, '26', 2, 9, 990000, NULL, 1),
(10, 1, 1, '26', 2, 10, 990000, NULL, 1),
(11, 1, 1, '26', 2, 11, 990000, NULL, 1),
(12, 1, 1, '27', 2, 12, 990000, NULL, 1),
(13, 2, 3, '54', 2, 13, 2250000, NULL, 1),
(14, 2, 3, '55', 2, 14, 2250000, NULL, 1),
(15, 1, 1, '26', 2, 15, 990000, NULL, 1),
(16, 4, 2, '52', 2, 16, 2150000, NULL, 1),
(17, 4, 2, '52', 3, 17, 2155000, NULL, 1),
(18, 1, 1, '26', 3, 18, 997000, NULL, 1),
(19, 2, 3, '55', 3, 19, 2275000, NULL, 1),
(20, 2, 3, '54', 3, 20, 2275000, NULL, 1),
(21, 1, 1, '27', 3, 21, 970000, NULL, 1),
(22, 1, 1, '26', 3, 22, 970000, NULL, 1),
(23, 1, 1, '26', 3, 23, 1010500, NULL, 1),
(24, 1, 1, '26', 3, 24, 970000, NULL, 1),
(25, 1, 1, '26', 3, 25, 990000, NULL, 1),
(26, 1, 1, '26', 3, 26, 970000, NULL, 1),
(27, 1, 1, '26', 3, 27, 940000, NULL, 1),
(28, 1, 1, '27', 3, 28, 970000, NULL, 1),
(29, 2, 3, '54', 3, 29, 2255000, NULL, 1),
(30, 2, 3, '55', 3, 30, 2255000, NULL, 1),
(31, 1, 1, '26', 3, 31, 980000, NULL, 1),
(32, 4, 2, '52', 3, 32, 2155000, NULL, 1),
(33, 4, 2, '51,95', 4, 33, 1930000, NULL, 1),
(34, 1, 1, '26,28', 4, 34, 980000, NULL, 1),
(35, 2, 3, '55', 4, 35, 2070000, NULL, 1),
(36, 2, 3, '54', 4, 36, 1997550, NULL, 1),
(37, 1, 1, '27', 4, 37, 901000, NULL, 1),
(38, 1, 1, '27', 4, 38, 980000, NULL, 1),
(39, 1, 1, '26', 4, 39, 1007000, NULL, 1),
(40, 1, 1, '22', 4, 40, 980000, NULL, 1),
(41, 1, 1, '26', 4, 41, 980000, NULL, 1),
(42, 1, 1, '26', 4, 42, 980000, NULL, 1),
(43, 1, 1, '26', 4, 43, 990500, NULL, 1),
(44, 1, 1, '27', 4, 44, 990000, NULL, 1),
(45, 2, 3, '54', 4, 45, 2050000, NULL, 1),
(46, 2, 3, '54,99', 4, 46, 2050000, NULL, 1),
(47, 1, 1, '26,27', 4, 47, 980000, NULL, 1),
(48, 4, 2, '51,75', 4, 48, 1930000, NULL, 1),
(49, 4, 2, '52', 5, 49, 1945000, NULL, 1),
(50, 1, 1, '26', 5, 50, 955350, NULL, 1),
(51, 2, 3, '55', 5, 51, 2090000, NULL, 1),
(52, 2, 3, '54', 5, 52, 2090000, NULL, 1),
(53, 1, 1, '27', 5, 53, 990000, NULL, 1),
(54, 1, 1, '26', 5, 54, 990000, NULL, 1),
(55, 1, 1, '26', 5, 55, 990000, NULL, 1),
(56, 1, 1, '26', 5, 56, 990000, NULL, 1),
(57, 1, 1, '26', 5, 57, 990000, NULL, 1),
(58, 1, 1, '26', 5, 58, 990000, NULL, 1),
(59, 1, 1, '26', 5, 59, 990000, NULL, 1),
(60, 1, 1, '27', 5, 60, 990000, NULL, 1),
(61, 2, 3, '54', 5, 61, 1961750, NULL, 1),
(62, 2, 3, '55', 5, 62, 2065000, NULL, 1),
(63, 1, 1, '26', 5, 63, 990000, NULL, 1),
(64, 4, 2, '52', 5, 64, 1945000, NULL, 1),
(65, 4, 2, '52', 6, 65, 1960000, NULL, 1),
(66, 1, 1, '26', 6, 66, 999999, NULL, 1),
(67, 2, 3, '55', 6, 67, 2110000, NULL, 1),
(68, 2, 3, '54', 6, 68, 2110000, NULL, 1),
(69, 1, 1, '27', 6, 69, 1000000, NULL, 1),
(70, 1, 1, '26', 6, 70, 1000000, NULL, 1),
(71, 1, 1, '26', 6, 71, 1000000, NULL, 1),
(72, 1, 1, '26', 6, 72, 1000000, NULL, 1),
(73, 1, 1, '26', 6, 73, 1000000, NULL, 1),
(74, 1, 1, '26', 6, 74, 1000000, NULL, 1),
(75, 1, 1, '26', 6, 75, 1000000, NULL, 1),
(76, 1, 1, '27', 6, 76, 1000000, NULL, 1),
(77, 2, 3, '54', 6, 77, 2080000, NULL, 1),
(78, 2, 3, '55', 6, 78, 2080000, NULL, 1),
(79, 1, 1, '26', 6, 79, 1000000, NULL, 1),
(80, 4, 2, '52', 6, 80, 1960000, NULL, 1),
(81, 4, 2, '52', 7, 81, 1975000, NULL, 1),
(82, 1, 1, '26', 7, 82, 1010000, NULL, 1),
(83, 2, 3, '55', 7, 83, 2130000, NULL, 1),
(84, 2, 3, '54', 7, 84, 2130000, NULL, 1),
(85, 1, 1, '27', 7, 85, 1010000, NULL, 1),
(86, 1, 1, '26', 7, 86, 1010000, NULL, 1),
(87, 1, 1, '26', 7, 87, 1010000, NULL, 1),
(88, 1, 1, '26', 7, 88, 1010000, NULL, 1),
(89, 1, 1, '26', 7, 89, 1010000, NULL, 1),
(90, 1, 1, '26', 7, 90, 1010000, NULL, 1),
(91, 1, 1, '26', 7, 91, 1010000, NULL, 1),
(92, 1, 1, '27', 7, 92, 1037000, NULL, 1),
(93, 2, 3, '54', 7, 93, 2095000, NULL, 1),
(94, 2, 3, '55', 7, 94, 1875025, NULL, 1),
(95, 1, 1, '26', 7, 95, 1010000, NULL, 1),
(96, 4, 2, '52', 7, 96, 1975000, NULL, 1),
(97, 4, 2, '52', 8, 97, 1990000, NULL, 1),
(98, 1, 1, '26', 8, 98, 912900, NULL, 1),
(99, 2, 3, '55', 8, 99, 2150000, NULL, 1),
(100, 2, 3, '54', 8, 100, 2150000, NULL, 1),
(101, 1, 1, '27', 8, 101, 1020000, NULL, 1),
(102, 1, 1, '26', 8, 102, 1020000, NULL, 1),
(103, 1, 1, '26', 8, 103, 1020000, NULL, 1),
(104, 1, 1, '26', 8, 104, 1020000, NULL, 1),
(105, 1, 1, '26', 8, 105, 1020000, NULL, 1),
(106, 1, 1, '26', 8, 106, 1020000, NULL, 1),
(107, 1, 1, '26', 8, 107, 1020000, NULL, 1),
(108, 1, 1, '27', 8, 108, 1020000, NULL, 1),
(109, 2, 3, '54', 8, 109, 2110000, NULL, 1),
(110, 2, 3, '55', 8, 110, 2110000, NULL, 1),
(111, 1, 1, '26', 8, 111, 989400, NULL, 1),
(112, 4, 2, '52', 8, 112, 1990000, NULL, 1),
(113, 4, 2, '52', 9, 113, 2005000, NULL, 1),
(114, 1, 1, '26', 9, 114, 1030000, NULL, 1),
(115, 2, 3, '55', 9, 115, 2170000, NULL, 1),
(116, 2, 3, '54', 9, 116, 2170000, NULL, 1),
(117, 1, 1, '27', 9, 117, 1070500, NULL, 1),
(118, 1, 1, '26', 9, 118, 1030000, NULL, 1),
(119, 1, 1, '26', 9, 119, 1030000, NULL, 1),
(120, 1, 1, '26', 9, 120, 1030000, NULL, 1),
(121, 1, 1, '26', 9, 121, 1030000, NULL, 1),
(122, 1, 1, '26', 9, 122, 1030000, NULL, 1),
(123, 1, 1, '26', 9, 123, 1030000, NULL, 1),
(124, 1, 1, '27', 9, 124, 1030000, NULL, 1),
(125, 2, 3, '54', 9, 125, 2125000, NULL, 1),
(126, 2, 3, '55', 9, 126, 2125000, NULL, 1),
(127, 1, 1, '26', 9, 127, 1030000, NULL, 1),
(128, 4, 2, '52', 9, 128, 2005000, NULL, 1),
(129, 4, 2, '52', 10, 129, 2020000, NULL, 1),
(130, 1, 1, '26', 10, 130, 1040000, NULL, 1),
(131, 2, 3, '55', 10, 131, 2190000, NULL, 1),
(132, 2, 3, '54', 10, 132, 2190000, NULL, 1),
(133, 1, 1, '27', 10, 133, 1040000, NULL, 1),
(134, 1, 1, '26', 10, 134, 1040000, NULL, 1),
(135, 1, 1, '26', 10, 135, 1040000, NULL, 1),
(136, 1, 1, '26', 10, 136, 1040000, NULL, 1),
(137, 1, 1, '26', 10, 137, 1040000, NULL, 1),
(138, 1, 1, '26', 10, 138, 1040000, NULL, 1),
(139, 1, 1, '26', 10, 139, 1040000, NULL, 1),
(140, 1, 1, '27', 10, 140, 1040000, NULL, 1),
(141, 2, 3, '54', 10, 141, 2140000, NULL, 1),
(142, 2, 3, '55', 10, 142, 2140000, NULL, 1),
(143, 1, 1, '26', 10, 143, 1040000, NULL, 1),
(144, 4, 2, '52', 10, 144, 2020000, NULL, 1),
(145, 4, 2, '52', 11, 145, 2035000, NULL, 1),
(146, 1, 1, '26', 11, 146, 1050000, NULL, 1),
(147, 2, 3, '55', 11, 147, 2210000, NULL, 1),
(148, 2, 3, '54', 11, 148, 2210000, NULL, 1),
(149, 1, 1, '27', 11, 149, 1050000, NULL, 1),
(150, 1, 1, '26', 11, 150, 1050000, NULL, 1),
(151, 1, 1, '26', 11, 151, 1050000, NULL, 1),
(152, 1, 1, '26', 11, 152, 1050000, NULL, 1),
(153, 1, 1, '26', 11, 153, 1050000, NULL, 1),
(154, 1, 1, '26', 11, 154, 1050000, NULL, 1),
(155, 1, 1, '26', 11, 155, 1050000, NULL, 1),
(156, 1, 1, '27', 11, 156, 1050000, NULL, 1),
(157, 2, 3, '54', 11, 157, 2155000, NULL, 1),
(158, 2, 3, '55', 11, 158, 2155000, NULL, 1),
(159, 1, 1, '26', 11, 159, 1050000, NULL, 1),
(160, 4, 2, '52', 11, 160, 2035000, NULL, 1),
(161, 4, 2, '52', 12, 161, 2200000, NULL, 1),
(162, 3, 4, '83', 12, 162, 3470000, NULL, 1),
(163, 2, 3, '54', 12, 163, 2420000, NULL, 1),
(164, 1, 1, '27', 12, 164, 1200000, NULL, 1),
(165, 1, 1, '26', 12, 165, 1200000, NULL, 1),
(166, 1, 1, '26', 12, 166, 1200000, NULL, 1),
(167, 1, 1, '26', 12, 167, 1200000, NULL, 1),
(168, 1, 1, '26', 12, 168, 1200000, NULL, 1),
(169, 1, 1, '26', 12, 169, 1200000, NULL, 1),
(170, 1, 1, '26', 12, 170, 1200000, NULL, 1),
(171, 1, 1, '26', 12, 171, 1200000, NULL, 1),
(172, 2, 3, '54', 12, 172, 2400000, NULL, 1),
(173, 3, 4, '82', 12, 173, 3450000, NULL, 1),
(174, 4, 2, '52', 12, 174, 2200000, NULL, 1),
(175, 4, 2, '52', 13, 175, 2215000, NULL, 1),
(176, 3, 4, '83', 13, 176, 3490000, NULL, 1),
(177, 2, 3, '54', 13, 177, 2440000, NULL, 1),
(178, 1, 1, '27', 13, 178, 1215000, NULL, 1),
(179, 1, 1, '26', 13, 179, 1215000, NULL, 1),
(180, 1, 1, '26', 13, 180, 1215000, NULL, 1),
(181, 1, 1, '26', 13, 181, 1215000, NULL, 1),
(182, 1, 1, '26', 13, 182, 1215000, NULL, 1),
(183, 1, 1, '26', 13, 183, 1215000, NULL, 1),
(184, 1, 1, '26', 13, 184, 1215000, NULL, 1),
(185, 1, 1, '26', 13, 185, 1215000, NULL, 1),
(186, 2, 3, '54', 13, 186, 2415000, NULL, 1),
(187, 3, 4, '82', 13, 187, 3470000, NULL, 1),
(188, 4, 2, '52', 13, 188, 2215000, NULL, 1),
(189, 4, 2, '52', 14, 189, 2230000, NULL, 1),
(190, 3, 4, '83', 14, 190, 3510000, NULL, 1),
(191, 2, 3, '54', 14, 191, 2460000, NULL, 1),
(192, 1, 1, '27', 14, 192, 1230000, NULL, 1),
(193, 1, 1, '26', 14, 193, 1230000, NULL, 1),
(194, 1, 1, '26', 14, 194, 1230000, NULL, 1),
(195, 1, 1, '26', 14, 195, 1230000, NULL, 1),
(196, 1, 1, '26', 14, 196, 1230000, NULL, 1),
(197, 1, 1, '26', 14, 197, 1230000, NULL, 1),
(198, 1, 1, '26', 14, 198, 1230000, NULL, 1),
(199, 1, 1, '26', 14, 199, 1168500, NULL, 1),
(200, 2, 3, '54', 14, 200, 2430000, NULL, 1),
(201, 3, 4, '82', 14, 201, 3490000, NULL, 1),
(202, 4, 2, '52', 14, 202, 2230000, NULL, 1),
(203, 4, 2, '52', 15, 203, 2245000, NULL, 1),
(204, 3, 4, '83', 15, 204, 3530000, NULL, 1),
(205, 2, 3, '54', 15, 205, 2480000, NULL, 1),
(206, 1, 1, '27', 15, 206, 1245000, NULL, 1),
(207, 1, 1, '26', 15, 207, 1245000, NULL, 1),
(208, 1, 1, '26', 15, 208, 1245000, NULL, 1),
(209, 1, 1, '26', 15, 209, 1245000, NULL, 1),
(210, 1, 1, '26', 15, 210, 1245000, NULL, 1),
(211, 1, 1, '26', 15, 211, 1245000, NULL, 1),
(212, 1, 1, '26', 15, 212, 1245000, NULL, 1),
(213, 1, 1, '26', 15, 213, 1245000, NULL, 1),
(214, 2, 3, '52', 15, 214, 2445000, NULL, 1),
(215, 3, 4, '82', 15, 215, 3510000, NULL, 1),
(216, 4, 2, '52', 15, 216, 2245000, NULL, 1),
(217, 4, 2, '52', 16, 217, 2260000, NULL, 1),
(218, 3, 4, '83', 16, 218, 3550000, NULL, 1),
(219, 2, 3, '54', 16, 219, 2500000, NULL, 1),
(220, 1, 1, '27', 16, 220, 1260000, NULL, 1),
(221, 1, 1, '26', 16, 221, 1260000, NULL, 1),
(222, 1, 1, '26', 16, 222, 1260000, NULL, 1),
(223, 1, 1, '26', 16, 223, 1260000, NULL, 1),
(224, 1, 1, '26', 16, 224, 1260000, NULL, 1),
(225, 1, 1, '26', 16, 225, 1260000, NULL, 1),
(226, 1, 1, '26', 16, 226, 1260000, NULL, 1),
(227, 1, 1, '26', 16, 227, 1260000, NULL, 1),
(228, 2, 3, '54', 16, 228, 2460000, NULL, 1),
(229, 3, 4, '82', 16, 229, 3530000, NULL, 1),
(230, 4, 2, '52', 16, 230, 2260000, NULL, 1);

-- --------------------------------------------------------

--
-- Структура таблицы `apartments_glazings`
--

CREATE TABLE `apartments_glazings` (
  `id` int(11) UNSIGNED NOT NULL,
  `apartment_id` int(11) NOT NULL,
  `glazing_id` int(11) NOT NULL
) ENGINE=MyISAM DEFAULT CHARSET=utf8;

--
-- Дамп данных таблицы `apartments_glazings`
--

INSERT INTO `apartments_glazings` (`id`, `apartment_id`, `glazing_id`) VALUES
(18, 3, 2),
(16, 1, 1),
(15, 1, 2),
(17, 2, 2),
(19, 4, 2),
(20, 5, 2),
(21, 6, 2),
(22, 11, 1),
(23, 13, 1),
(24, 14, 2),
(25, 15, 2),
(26, 16, 2),
(27, 16, 1),
(28, 17, 1),
(29, 19, 1),
(30, 20, 1),
(31, 29, 1),
(32, 30, 1),
(54, 32, 1),
(40, 7, 2),
(43, 12, 2),
(41, 8, 2),
(42, 9, 1),
(39, 10, 2),
(44, 18, 1),
(45, 21, 1),
(46, 22, 1),
(47, 23, 1),
(48, 24, 1),
(49, 25, 1),
(50, 26, 1),
(51, 27, 1),
(52, 31, 1),
(53, 28, 1),
(55, 33, 2),
(56, 33, 1),
(57, 34, 2),
(58, 35, 1),
(59, 73, 2);

-- --------------------------------------------------------

--
-- Структура таблицы `apartments_windows`
--

CREATE TABLE `apartments_windows` (
  `id` int(11) UNSIGNED NOT NULL,
  `apartment_id` int(11) NOT NULL,
  `window_id` int(11) NOT NULL
) ENGINE=InnoDB DEFAULT CHARSET=utf8 ROW_FORMAT=DYNAMIC;

--
-- Дамп данных таблицы `apartments_windows`
--

INSERT INTO `apartments_windows` (`id`, `apartment_id`, `window_id`) VALUES
(274, 36, 2),
(275, 36, 1),
(276, 37, 2),
(277, 38, 2),
(278, 39, 2),
(279, 40, 2),
(280, 41, 2),
(281, 42, 2),
(282, 43, 2),
(283, 44, 2),
(284, 45, 3),
(285, 45, 2),
(286, 46, 4),
(287, 46, 3),
(288, 47, 4),
(289, 48, 4),
(290, 49, 4),
(291, 50, 4),
(292, 51, 4),
(293, 51, 1),
(294, 52, 2),
(295, 52, 1),
(296, 53, 2),
(297, 54, 2),
(298, 55, 2),
(299, 56, 2),
(300, 57, 2),
(301, 58, 2),
(302, 59, 2),
(303, 60, 2),
(304, 61, 3),
(305, 61, 2),
(306, 62, 4),
(307, 62, 3),
(308, 63, 4),
(309, 64, 4),
(310, 65, 4),
(311, 66, 4),
(312, 67, 4),
(313, 67, 1),
(314, 68, 2),
(315, 68, 1),
(316, 69, 2),
(317, 70, 2),
(318, 71, 2),
(319, 72, 2),
(321, 74, 2),
(322, 75, 2),
(323, 76, 2),
(324, 77, 3),
(325, 77, 2),
(326, 78, 4),
(327, 78, 3),
(328, 79, 4),
(330, 81, 4),
(331, 82, 4),
(332, 83, 4),
(333, 83, 1),
(334, 84, 2),
(335, 84, 1),
(336, 85, 2),
(337, 86, 2),
(338, 87, 2),
(339, 88, 2),
(340, 89, 2),
(341, 90, 2),
(342, 91, 2),
(343, 92, 2),
(344, 93, 3),
(345, 93, 2),
(346, 94, 4),
(347, 94, 3),
(348, 95, 4),
(349, 96, 4),
(350, 97, 4),
(351, 98, 4),
(352, 99, 4),
(353, 99, 1),
(354, 100, 2),
(355, 100, 1),
(356, 101, 2),
(357, 102, 2),
(358, 103, 2),
(359, 104, 2),
(360, 105, 2),
(361, 106, 2),
(362, 107, 2),
(363, 108, 2),
(364, 109, 3),
(365, 109, 2),
(366, 110, 4),
(367, 110, 3),
(368, 111, 4),
(369, 112, 4),
(370, 113, 4),
(371, 114, 4),
(372, 115, 4),
(373, 115, 1),
(374, 116, 2),
(375, 116, 1),
(376, 117, 2),
(377, 118, 2),
(378, 119, 2),
(379, 120, 2),
(380, 121, 2),
(381, 122, 2),
(382, 123, 2),
(384, 124, 2),
(387, 125, 3),
(388, 125, 2),
(389, 126, 4),
(390, 126, 3),
(391, 127, 4),
(392, 128, 4),
(393, 129, 4),
(394, 130, 4),
(395, 131, 4),
(396, 131, 1),
(397, 132, 2),
(398, 132, 1),
(399, 133, 2),
(400, 134, 2),
(401, 135, 2),
(402, 136, 2),
(403, 137, 2),
(404, 138, 2),
(405, 139, 2),
(406, 140, 2),
(407, 141, 3),
(408, 141, 2),
(409, 142, 4),
(410, 142, 3),
(411, 143, 4),
(412, 144, 4),
(413, 145, 4),
(414, 146, 4),
(415, 147, 4),
(416, 147, 1),
(417, 148, 2),
(418, 148, 1),
(419, 149, 2),
(420, 150, 2),
(421, 151, 2),
(422, 152, 2),
(423, 153, 2),
(424, 154, 2),
(425, 155, 2),
(426, 156, 2),
(427, 157, 3),
(428, 157, 2),
(429, 158, 4),
(430, 158, 3),
(431, 159, 4),
(432, 160, 4),
(433, 161, 4),
(434, 162, 4),
(435, 162, 1),
(436, 163, 2),
(437, 163, 1),
(438, 164, 2),
(439, 165, 2),
(440, 166, 2),
(441, 167, 2),
(442, 168, 2),
(443, 168, 1),
(444, 169, 2),
(445, 170, 2),
(446, 171, 2),
(447, 172, 3),
(448, 172, 2),
(449, 173, 4),
(450, 173, 3),
(451, 174, 4),
(452, 175, 4),
(453, 176, 4),
(454, 176, 1),
(455, 177, 2),
(456, 177, 1),
(457, 178, 2),
(458, 179, 2),
(459, 180, 2),
(460, 181, 2),
(461, 182, 2),
(462, 183, 2),
(463, 184, 2),
(464, 185, 2),
(465, 186, 3),
(466, 186, 2),
(467, 187, 4),
(468, 187, 3),
(469, 188, 4),
(470, 189, 4),
(471, 190, 4),
(472, 190, 1),
(473, 191, 2),
(474, 191, 1),
(475, 192, 2),
(476, 193, 2),
(477, 194, 2),
(478, 195, 2),
(479, 196, 2),
(480, 197, 2),
(481, 198, 2),
(482, 199, 2),
(483, 200, 3),
(484, 200, 2),
(485, 201, 4),
(486, 201, 3),
(487, 202, 4),
(488, 203, 4),
(489, 204, 4),
(490, 204, 1),
(491, 205, 2),
(492, 205, 1),
(493, 206, 2),
(494, 207, 2),
(495, 208, 2),
(496, 209, 2),
(497, 210, 2),
(498, 211, 2),
(499, 212, 2),
(500, 213, 2),
(501, 214, 3),
(502, 214, 2),
(505, 216, 4),
(506, 215, 4),
(507, 215, 3),
(508, 217, 4),
(509, 218, 4),
(510, 218, 1),
(511, 219, 2),
(512, 219, 1),
(513, 220, 2),
(514, 221, 2),
(515, 222, 2),
(516, 223, 2),
(517, 224, 2),
(518, 225, 2),
(519, 226, 2),
(520, 227, 2),
(521, 228, 3),
(522, 228, 2),
(523, 229, 4),
(524, 229, 3),
(525, 230, 4),
(528, 80, 4),
(584, 235, 4),
(587, 1, 4),
(588, 2, 4),
(589, 3, 4),
(590, 3, 1),
(591, 4, 2),
(592, 4, 1),
(593, 5, 2),
(594, 6, 2),
(595, 11, 2),
(596, 13, 3),
(597, 13, 2),
(598, 14, 4),
(599, 14, 3),
(600, 15, 4),
(601, 16, 4),
(602, 17, 4),
(603, 19, 4),
(604, 19, 1),
(605, 20, 2),
(606, 20, 1),
(607, 29, 3),
(608, 29, 2),
(609, 30, 4),
(610, 30, 3),
(616, 10, 2),
(617, 7, 2),
(618, 8, 2),
(619, 9, 2),
(620, 12, 2),
(621, 18, 4),
(622, 21, 2),
(623, 22, 2),
(624, 23, 2),
(625, 24, 2),
(626, 25, 2),
(627, 26, 2),
(628, 27, 2),
(629, 31, 4),
(630, 28, 2),
(631, 32, 4),
(632, 33, 4),
(633, 34, 4),
(634, 35, 4),
(635, 35, 1),
(636, 73, 2);

-- --------------------------------------------------------

--
-- Структура таблицы `buyers`
--

CREATE TABLE `buyers` (
  `id` int(11) UNSIGNED NOT NULL,
  `name` varchar(255) NOT NULL,
  `surname` varchar(255) NOT NULL,
  `phone` varchar(255) DEFAULT NULL,
  `email` varchar(255) DEFAULT NULL
) ENGINE=InnoDB DEFAULT CHARSET=utf8;

-- --------------------------------------------------------

--
-- Структура таблицы `glazings`
--

CREATE TABLE `glazings` (
  `id` int(11) UNSIGNED NOT NULL,
  `name` mediumtext NOT NULL
) ENGINE=MyISAM DEFAULT CHARSET=utf8;

--
-- Дамп данных таблицы `glazings`
--

INSERT INTO `glazings` (`id`, `name`) VALUES
(1, 'Панорамное'),
(2, 'Обычное');

-- --------------------------------------------------------

--
-- Структура таблицы `purchased_apartments`
--

CREATE TABLE `purchased_apartments` (
  `id` int(11) UNSIGNED NOT NULL,
  `buyer_id` int(11) NOT NULL,
  `seller_id` int(11) NOT NULL,
  `apartment_id` int(11) NOT NULL,
  `time_purchase` timestamp NOT NULL DEFAULT CURRENT_TIMESTAMP
) ENGINE=InnoDB DEFAULT CHARSET=utf8;

-- --------------------------------------------------------

--
-- Структура таблицы `reserved_apartments`
--

CREATE TABLE `reserved_apartments` (
  `id` int(11) UNSIGNED NOT NULL,
  `buyer_id` int(11) NOT NULL,
  `seller_id` int(11) NOT NULL,
  `apartment_id` int(11) NOT NULL,
  `time_start_reserve` timestamp NOT NULL DEFAULT CURRENT_TIMESTAMP,
  `time_end_reserve` timestamp NOT NULL
) ENGINE=InnoDB DEFAULT CHARSET=utf8;

-- --------------------------------------------------------

--
-- Структура таблицы `roles`
--

CREATE TABLE `roles` (
  `id` int(11) UNSIGNED NOT NULL,
  `name` varchar(255) NOT NULL
) ENGINE=InnoDB DEFAULT CHARSET=utf8;

--
-- Дамп данных таблицы `roles`
--

INSERT INTO `roles` (`id`, `name`) VALUES
(1, 'admin'),
(2, 'Менеджер'),
(3, 'Риэлтор');

-- --------------------------------------------------------

--
-- Структура таблицы `settings_reserve`
--

CREATE TABLE `settings_reserve` (
  `id` int(11) UNSIGNED NOT NULL,
  `realtor` int(11) NOT NULL,
  `manager` int(11) NOT NULL
) ENGINE=InnoDB DEFAULT CHARSET=utf8;

--
-- Дамп данных таблицы `settings_reserve`
--

INSERT INTO `settings_reserve` (`id`, `realtor`, `manager`) VALUES
(7, 3, 5);

-- --------------------------------------------------------

--
-- Структура таблицы `total_areas`
--

CREATE TABLE `total_areas` (
  `id` int(11) UNSIGNED NOT NULL,
  `total_area` int(11) NOT NULL
) ENGINE=InnoDB DEFAULT CHARSET=utf8;

--
-- Дамп данных таблицы `total_areas`
--

INSERT INTO `total_areas` (`id`, `total_area`) VALUES
(1, 27),
(2, 52),
(3, 55),
(4, 82);

-- --------------------------------------------------------

--
-- Структура таблицы `types`
--

CREATE TABLE `types` (
  `id` int(11) UNSIGNED NOT NULL,
  `type` varchar(255) NOT NULL
) ENGINE=InnoDB DEFAULT CHARSET=utf8;

--
-- Дамп данных таблицы `types`
--

INSERT INTO `types` (`id`, `type`) VALUES
(1, 'студия'),
(2, '2-х комнатная'),
(3, '3-х комнатная'),
(4, 'евро 2-х комнатная');

-- --------------------------------------------------------

--
-- Структура таблицы `users`
--

CREATE TABLE `users` (
  `id` int(11) UNSIGNED NOT NULL,
  `role_id` int(11) NOT NULL,
  `login` varchar(255) NOT NULL,
  `name` varchar(255) NOT NULL,
  `surname` varchar(255) NOT NULL,
  `patronymic` varchar(255) NOT NULL,
  `phone` char(20) NOT NULL,
  `password` char(60) NOT NULL
) ENGINE=InnoDB DEFAULT CHARSET=utf8;

--
-- Дамп данных таблицы `users`
--

INSERT INTO `users` (`id`, `role_id`, `login`, `name`, `surname`, `patronymic`, `phone`, `password`) VALUES
(1, 1, 'admin', 'Илья', 'Кадук', 'Александрович', '89081920644', '$2y$10$veLMQWBZMy84y7ZsPeXeCuASTkB4RuL8lxjoLWcBgok3JF0b455Cu'),
(15, 2, 'manager', 'Олег', 'Рейм', 'Валерьевич', '89081920644', '$2y$10$W5HB.LZ3XQgyrfOvFkN3k.EgnWb7UJxqn.VUbz9rq0/2Nx4fUPCBi'),
(16, 3, 'realtor', 'Иван', 'Малахов', 'Дмитриевич', '89081920644', '$2y$10$PdUZ.OC12XVzYwG1QvgcfemtKfq3WEVZbF8PKo8mpzPdoSfNklO8e');

-- --------------------------------------------------------

--
-- Структура таблицы `windows`
--

CREATE TABLE `windows` (
  `id` int(11) UNSIGNED NOT NULL,
  `name` varchar(255) NOT NULL
) ENGINE=InnoDB DEFAULT CHARSET=utf8;

--
-- Дамп данных таблицы `windows`
--

INSERT INTO `windows` (`id`, `name`) VALUES
(1, 'север'),
(2, 'восток'),
(3, 'юг'),
(4, 'запад');

--
-- Индексы сохранённых таблиц
--

--
-- Индексы таблицы `apartments`
--
ALTER TABLE `apartments`
  ADD PRIMARY KEY (`id`);

--
-- Индексы таблицы `apartments_glazings`
--
ALTER TABLE `apartments_glazings`
  ADD PRIMARY KEY (`id`);

--
-- Индексы таблицы `apartments_windows`
--
ALTER TABLE `apartments_windows`
  ADD PRIMARY KEY (`id`);

--
-- Индексы таблицы `buyers`
--
ALTER TABLE `buyers`
  ADD PRIMARY KEY (`id`);

--
-- Индексы таблицы `glazings`
--
ALTER TABLE `glazings`
  ADD PRIMARY KEY (`id`);

--
-- Индексы таблицы `purchased_apartments`
--
ALTER TABLE `purchased_apartments`
  ADD PRIMARY KEY (`id`);

--
-- Индексы таблицы `reserved_apartments`
--
ALTER TABLE `reserved_apartments`
  ADD PRIMARY KEY (`id`);

--
-- Индексы таблицы `roles`
--
ALTER TABLE `roles`
  ADD PRIMARY KEY (`id`);

--
-- Индексы таблицы `settings_reserve`
--
ALTER TABLE `settings_reserve`
  ADD PRIMARY KEY (`id`);

--
-- Индексы таблицы `total_areas`
--
ALTER TABLE `total_areas`
  ADD PRIMARY KEY (`id`);

--
-- Индексы таблицы `types`
--
ALTER TABLE `types`
  ADD PRIMARY KEY (`id`);

--
-- Индексы таблицы `users`
--
ALTER TABLE `users`
  ADD PRIMARY KEY (`id`);

--
-- Индексы таблицы `windows`
--
ALTER TABLE `windows`
  ADD PRIMARY KEY (`id`);

--
-- AUTO_INCREMENT для сохранённых таблиц
--

--
-- AUTO_INCREMENT для таблицы `apartments`
--
ALTER TABLE `apartments`
  MODIFY `id` int(11) UNSIGNED NOT NULL AUTO_INCREMENT, AUTO_INCREMENT=231;
--
-- AUTO_INCREMENT для таблицы `apartments_glazings`
--
ALTER TABLE `apartments_glazings`
  MODIFY `id` int(11) UNSIGNED NOT NULL AUTO_INCREMENT, AUTO_INCREMENT=86;
--
-- AUTO_INCREMENT для таблицы `apartments_windows`
--
ALTER TABLE `apartments_windows`
  MODIFY `id` int(11) UNSIGNED NOT NULL AUTO_INCREMENT, AUTO_INCREMENT=637;
--
-- AUTO_INCREMENT для таблицы `buyers`
--
ALTER TABLE `buyers`
  MODIFY `id` int(11) UNSIGNED NOT NULL AUTO_INCREMENT, AUTO_INCREMENT=42;
--
-- AUTO_INCREMENT для таблицы `glazings`
--
ALTER TABLE `glazings`
  MODIFY `id` int(11) UNSIGNED NOT NULL AUTO_INCREMENT, AUTO_INCREMENT=16;
--
-- AUTO_INCREMENT для таблицы `purchased_apartments`
--
ALTER TABLE `purchased_apartments`
  MODIFY `id` int(11) UNSIGNED NOT NULL AUTO_INCREMENT, AUTO_INCREMENT=32;
--
-- AUTO_INCREMENT для таблицы `reserved_apartments`
--
ALTER TABLE `reserved_apartments`
  MODIFY `id` int(11) UNSIGNED NOT NULL AUTO_INCREMENT, AUTO_INCREMENT=5;
--
-- AUTO_INCREMENT для таблицы `roles`
--
ALTER TABLE `roles`
  MODIFY `id` int(11) UNSIGNED NOT NULL AUTO_INCREMENT, AUTO_INCREMENT=4;
--
-- AUTO_INCREMENT для таблицы `settings_reserve`
--
ALTER TABLE `settings_reserve`
  MODIFY `id` int(11) UNSIGNED NOT NULL AUTO_INCREMENT, AUTO_INCREMENT=8;
--
-- AUTO_INCREMENT для таблицы `total_areas`
--
ALTER TABLE `total_areas`
  MODIFY `id` int(11) UNSIGNED NOT NULL AUTO_INCREMENT, AUTO_INCREMENT=5;
--
-- AUTO_INCREMENT для таблицы `types`
--
ALTER TABLE `types`
  MODIFY `id` int(11) UNSIGNED NOT NULL AUTO_INCREMENT, AUTO_INCREMENT=5;
--
-- AUTO_INCREMENT для таблицы `users`
--
ALTER TABLE `users`
  MODIFY `id` int(11) UNSIGNED NOT NULL AUTO_INCREMENT, AUTO_INCREMENT=17;
--
-- AUTO_INCREMENT для таблицы `windows`
--
ALTER TABLE `windows`
  MODIFY `id` int(11) UNSIGNED NOT NULL AUTO_INCREMENT, AUTO_INCREMENT=5;
/*!40101 SET CHARACTER_SET_CLIENT=@OLD_CHARACTER_SET_CLIENT */;
/*!40101 SET CHARACTER_SET_RESULTS=@OLD_CHARACTER_SET_RESULTS */;
/*!40101 SET COLLATION_CONNECTION=@OLD_COLLATION_CONNECTION */;
